{
    "name": "root",
    "gauges": {
        "shoot.Policy.Entropy.mean": {
            "value": 1.4010064601898193,
            "min": 1.4010064601898193,
            "max": 1.4355655908584595,
            "count": 44
        },
        "shoot.Policy.ExtrinsicValueEstimate.mean": {
            "value": -0.09825168550014496,
            "min": -0.47955501079559326,
            "max": 0.006364617496728897,
            "count": 44
        },
        "shoot.Policy.CuriosityValueEstimate.mean": {
            "value": 0.37830349802970886,
            "min": 0.08106729388237,
            "max": 0.41984987258911133,
            "count": 44
        },
        "shoot.Environment.EpisodeLength.mean": {
            "value": 355.75,
            "min": 93.0,
            "max": 999.0,
            "count": 44
        },
        "shoot.Losses.PolicyLoss.mean": {
            "value": 0.23144151791243023,
            "min": 0.217311087087424,
            "max": 0.26299890463115766,
            "count": 44
        },
        "shoot.Losses.ValueLoss.mean": {
            "value": 0.02832839742494697,
            "min": 0.0007824390025941992,
            "max": 0.04608221794631188,
            "count": 44
        },
        "shoot.Policy.LearningRate.mean": {
            "value": 0.0002869455418514875,
            "min": 0.0002869455418514875,
            "max": 0.0002998456000514666,
            "count": 44
        },
        "shoot.Policy.Epsilon.mean": {
            "value": 0.19564851250000004,
            "min": 0.19564851250000004,
            "max": 0.19994853333333332,
            "count": 44
        },
        "shoot.Policy.Beta.mean": {
            "value": 0.00047867771125000003,
            "min": 0.00047867771125000003,
            "max": 0.0004997478133333333,
            "count": 44
        },
        "shoot.Losses.CuriosityForwardLoss.mean": {
            "value": 0.14019534342902867,
            "min": 0.03313028588587348,
            "max": 0.4367881523742645,
            "count": 44
        },
        "shoot.Losses.CuriosityInverseLoss.mean": {
            "value": 2.583447294454608,
            "min": 2.3001862944322267,
            "max": 3.2593348431727316,
            "count": 44
        },
        "shoot.Environment.CumulativeReward.mean": {
            "value": -0.6060000211000443,
            "min": -1.3970000073313713,
            "max": 1.040000043809414,
            "count": 44
        },
        "shoot.Policy.ExtrinsicReward.mean": {
            "value": -0.6060000211000443,
            "min": -1.3970000073313713,
            "max": 1.040000043809414,
            "count": 44
        },
        "shoot.Policy.CuriosityReward.mean": {
            "value": 1.1218844552834828,
            "min": 0.22375302505679429,
            "max": 2.8323666751384735,
            "count": 44
        },
        "shoot.IsTraining.mean": {
            "value": 1.0,
            "min": 1.0,
            "max": 1.0,
            "count": 44
        },
        "MyBehavior.Policy.Entropy.mean": {
            "value": 1.4619669914245605,
            "min": 1.4271634817123413,
            "max": 1.4619669914245605,
            "count": 3
        },
        "MyBehavior.Policy.ExtrinsicValueEstimate.mean": {
            "value": 0.0,
            "min": 0.0,
            "max": 0.0,
            "count": 3
        },
        "MyBehavior.Environment.EpisodeLength.mean": {
            "value": 160.66558441558442,
            "min": 158.5873015873016,
            "max": 172.58041958041957,
            "count": 3
        },
        "MyBehavior.Environment.CumulativeReward.mean": {
            "value": 0.0,
            "min": 0.0,
            "max": 0.0,
            "count": 3
        },
        "MyBehavior.Policy.ExtrinsicReward.mean": {
            "value": 0.0,
            "min": 0.0,
            "max": 0.0,
            "count": 3
        },
        "MyBehavior.Losses.PolicyLoss.mean": {
            "value": 0.0,
            "min": 0.0,
            "max": 0.0,
            "count": 3
        },
        "MyBehavior.Losses.ValueLoss.mean": {
            "value": 0.0,
            "min": 0.0,
            "max": 0.0,
            "count": 3
        },
        "MyBehavior.Policy.LearningRate.mean": {
            "value": 0.00022603670465443998,
            "min": 0.00022603670465443998,
            "max": 0.00028459680513440004,
            "count": 3
        },
        "MyBehavior.Policy.Epsilon.mean": {
            "value": 0.17534555999999998,
            "min": 0.17534555999999998,
            "max": 0.1948656,
            "count": 3
        },
        "MyBehavior.Policy.Beta.mean": {
            "value": 0.003769743444000001,
            "min": 0.003769743444000001,
            "max": 0.00474379344,
            "count": 3
        },
        "MyBehavior.IsTraining.mean": {
            "value": 1.0,
            "min": 1.0,
            "max": 1.0,
            "count": 3
        }
    },
    "metadata": {
        "timer_format_version": "0.1.0",
        "start_time_seconds": "1629887782",
        "python_version": "3.8.7 (default, Feb  3 2021, 07:09:08) \n[Clang 12.0.0 (clang-1200.0.32.29)]",
        "command_line_arguments": "/usr/local/bin/mlagents-learn config/shoot.yaml --run-id=shootingAgent",
        "mlagents_version": "0.23.0",
        "mlagents_envs_version": "0.23.0",
        "communication_protocol_version": "1.3.0",
        "pytorch_version": "1.7.1",
        "numpy_version": "1.18.5",
        "end_time_seconds": "1629888632"
    },
    "total": 849.06777222,
    "count": 1,
    "self": 0.0057800490001227445,
    "children": {
        "run_training.setup": {
            "total": 0.0491735809999998,
            "count": 1,
            "self": 0.0491735809999998
        },
        "TrainerController.start_learning": {
            "total": 849.0128185899999,
            "count": 1,
            "self": 1.9210880119998137,
            "children": {
                "TrainerController._reset_env": {
                    "total": 44.658106602000004,
                    "count": 1,
                    "self": 44.658106602000004
                },
                "TrainerController.advance": {
                    "total": 802.2402935910002,
                    "count": 45214,
                    "self": 0.6972141059954993,
                    "children": {
                        "env_step": {
                            "total": 801.5430794850047,
                            "count": 45214,
                            "self": 596.4000124000049,
                            "children": {
                                "SubprocessEnvManager._take_step": {
                                    "total": 204.41734243300007,
                                    "count": 45214,
                                    "self": 6.387964912000797,
                                    "children": {
                                        "TorchPolicy.evaluate": {
                                            "total": 198.02937752099928,
                                            "count": 84423,
                                            "self": 38.71641772599202,
                                            "children": {
                                                "TorchPolicy.sample_actions": {
                                                    "total": 159.31295979500726,
                                                    "count": 84423,
                                                    "self": 159.31295979500726
                                                }
                                            }
                                        }
                                    }
                                },
                                "workers": {
                                    "total": 0.725724651999613,
                                    "count": 45213,
                                    "self": 0.0,