{"cameraMode":{"drawMode":0,"name":"Shaded","section":"Shading Mode"},"sceneLighting":false,"audioPlay":false,"sceneViewState":{"showFog":true,"showMaterialUpdate":false,"showSkybox":false,"showFlares":true,"showImageEffects":true,"showParticleSystems":true},"in2DMode":false,"pivot":{"x":-0.1311664581298828,"y":-1.0447702407836915,"z":0.08500003814697266},"rotation":{"x":-0.2827219069004059,"y":0.6701020002365112,"z":-0.3091985881328583,"w":-0.6127229332923889},"size":12.8656644821167,"orthographic":false}