{"cameraMode":{"drawMode":0,"name":"Shaded","section":"Shading Mode"},"sceneLighting":false,"audioPlay":false,"sceneViewState":{"showFog":true,"showMaterialUpdate":false,"showSkybox":false,"showFlares":true,"showImageEffects":true,"showParticleSystems":true},"in2DMode":false,"pivot":{"x":-1.3116683959960938,"y":-2.259999990463257,"z":-1.9500007629394532},"rotation":{"x":-0.06377845257520676,"y":-0.9359360337257385,"z":0.23232223093509675,"w":-0.2569067180156708},"size":73.71146392822266,"orthographic":false}