{"cameraMode":{"drawMode":0,"name":"Shaded","section":"Shading Mode"},"sceneLighting":false,"audioPlay":false,"sceneViewState":{"showFog":true,"showMaterialUpdate":false,"showSkybox":false,"showFlares":true,"showImageEffects":true,"showParticleSystems":true},"in2DMode":false,"pivot":{"x":-0.1311664581298828,"y":0.06022968888282776,"z":-0.19499993324279786},"rotation":{"x":-0.13950379192829133,"y":-0.6971893310546875,"z":0.14118890464305879,"w":-0.6888662576675415},"size":7.399117469787598,"orthographic":false}