{"cameraMode":{"drawMode":0,"name":"Shaded","section":"Shading Mode"},"sceneLighting":false,"audioPlay":false,"sceneViewState":{"showFog":true,"showMaterialUpdate":false,"showSkybox":false,"showFlares":true,"showImageEffects":true,"showParticleSystems":true},"in2DMode":false,"pivot":{"x":-0.1311664581298828,"y":-0.9397703409194946,"z":9.805000305175782},"rotation":{"x":-0.20924553275108338,"y":0.7666758894920349,"z":-0.3060509264469147,"w":-0.5241727232933044},"size":16.345844268798829,"orthographic":false}