{
    "name": "root",
    "gauges": {
        "snake.Policy.Entropy.mean": {
            "value": 0.8765560388565063,
            "min": 0.8765560388565063,
            "max": 1.385413646697998,
            "count": 6
        },
        "snake.Environment.EpisodeLength.mean": {
            "value": 18.27711308375145,
            "min": 2.999600127959053,
            "max": 18.27711308375145,
            "count": 6
        },
        "snake.Policy.ExtrinsicValueEstimate.mean": {
            "value": 0.03381873667240143,
            "min": 0.007781156338751316,
            "max": 0.03381873667240143,
            "count": 6
        },
        "snake.Environment.CumulativeReward.mean": {
            "value": 0.027016595908915475,
            "min": 0.004559635229181665,
            "max": 0.027016595908915475,
            "count": 6
        },
        "snake.Policy.ExtrinsicReward.mean": {
            "value": 0.027016595908915475,
            "min": 0.004559635229181665,
            "max": 0.027016595908915475,
            "count": 6
        },
        "snake.Losses.PolicyLoss.mean": {
            "value": 0.02430668174289167,
            "min": 0.022257170382266243,
            "max": 0.024420764551420386,
            "count": 6
        },
        "snake.Losses.ValueLoss.mean": {
            "value": 0.01140120070738097,
            "min": 0.005027638588823416,
            "max": 0.01140120070738097,
            "count": 6
        },
        "snake.Policy.LearningRate.mean": {
            "value": 0.00013373993542004,
            "min": 0.00013373993542004,
            "max": 0.00028460025513324995,
            "count": 6
        },
        "snake.Policy.Epsilon.mean": {
            "value": 0.14457996,
            "min": 0.14457996,
            "max": 0.19486674999999998,
            "count": 6
        },
        "snake.Policy.Beta.mean": {
            "value": 0.002234540004000001,
            "min": 0.002234540004000001,
            "max": 0.004743850825000001,
            "count": 6
        },
        "snake.IsTraining.mean": {
            "value": 1.0,
            "min": 1.0,
            "max": 1.0,
            "count": 6
        }
    },
    "metadata": {
        "timer_format_version": "0.1.0",
        "start_time_seconds": "1637531805",
        "python_version": "3.8.7 (default, Feb  3 2021, 07:09:08) \n[Clang 12.0.0 (clang-1200.0.32.29)]",
        "command_line_arguments": "/usr/local/bin/mlagents-learn config/snake.yaml --force",
        "mlagents_version": "0.23.0",
        "mlagents_envs_version": "0.23.0",
        "communication_protocol_version": "1.3.0",
        "pytorch_version": "1.7.1",
        "numpy_version": "1.18.5",
        "end_time_seconds": "1637532925"
    },
    "total": 1119.382881024,
    "count": 1,
    "self": 0.008273008999822196,
    "children": {
        "run_training.setup": {
            "total": 0.0450209290000001,
            "count": 1,
            "self": 0.0450209290000001
        },
        "TrainerController.start_learning": {
            "total": 1119.3295870860002,
            "count": 1,
            "self": 0.687020781010915,
            "children": {
                "TrainerController._reset_env": {
                    "total": 7.6411124390000005,
                    "count": 1,
                    "self": 7.6411124390000005
                },
                "TrainerController.advance": {
                    "total": 1110.5041437889895,
                    "count": 26176,
                    "self": 0.3566647009911321,
                    "children": {
                        "env_step": {
                            "total": 1110.1474790879984,
                            "count": 26176,
                            "self": 1073.6954904619972,
                            "children": {
                                "SubprocessEnvManager._take_step": {
                                    "total": 36.06416098200092,
                                    "count": 26176,
                                    "self": 1.1962366459983613,
                                    "children": {
                                        "TorchPolicy.evaluate": {
                                            "total": 34.86792433600256,
                                            "count": 13776,
                                            "self": 8.150822937004406,
                                            "children": {
                                                "TorchPolicy.sample_actions": {
                                                    "total": 26.717101398998153,
                                                    "count": 13776,
                                                    "self": 26.717101398998153
                                                }
                                            }
                                        }
                                    }
                                },
                                "workers": {
                                    "total": 0.38782764400028746,
                                    "count": 26175,
                                    "self": 0.0,
                                    "children": {
                                        "worker_root": {
                                            "total": 1110.0868984060114,
                                            "count": 26175,
                                            "is_parallel": true,
                                            "self": 112.64182727702905,
                                            "children": {
                                                "steps_from_proto": {
                                                    "total": 0.022650039000000177,
                                                    "count": 1,
                                                    "is_parallel": true,
                                                    "self": 0.009612832000000182,
                                                    "children": {
                                                        "_process_vector_observation": {
                                                            "total": 0.013037206999999995,
                                                            "count": 4,
                                                            "is_parallel": true,
                                                            "self": 0.013037206999999995
                                                        }
                                                    }
                                                },
                                                "UnityEnvironment.step": {
                                                    "total": 997.4224210899823,
                                                    "count": 26175,
                                                    "is_parallel": true,
                                                    "self": 7.165528479995601,
                                                    "children": {
                                                        "UnityEnvironment._generate_step_input": {
                                                            "total": 6.217963373000219,
                                                            "count": 26175,
                                                            "is_parallel": true,
                                                            "self": 6.217963373000219
                                                        },
                                                        "communicator.exchange": {
                                                            "total": 962.5221186279866,
                                                            "count": 26175,
                                                            "is_parallel": true,